no,block,origin,pop,inoc,G.height1,G.height2,G.height3,G.leaves3,BA.snailsize,BA.none,BA.LA_before,BA.LA,LMA.leaflet_g,LMA.leaflet_cm2,H.n_nodules,H.nR,H.nW,H.above_g,H.roots_g,H.nodules_g
61,4,US,5,auto,8,10,8,4,1.7,,2.722,2.722,0.0022,0.96,0,,,0.0494,0.0764,0
62,4,US,8,int,9.5,10,16,7,1.6,,5.586,5.586,0.0098,5.484,28,5,0,0.6072,0.4001,0.0899
63,4,FI,32,int,8.5,15,21,6,1.6,,4.909,4.888,0.0147,7.994,17,5,0,0.4509,0.115,0.0389
64,4,US,4,int,8.5,10,25,6,1.5,,8.976,8.622,0.0172,9.495,18,5,0,0.6972,0.3584,0.1118
65,4,US,8,auto,8,9,8,5,1.9,,2.589,2.589,0.0045,2.313,5,5,0,0.0808,0.0801,0.0119
66,4,US,5,int,5.5,11,11,6,1.7,x,2.732,0,0.0059,2.129,5,2,3,0.175,0.1255,0.0167
67,4,FI,27,auto,9.5,16,21,5,1.8,x,4.59,0,0.0115,6.78,25,4,1,0.2625,0.092,0.0338
68,4,FI,7,int,5,5,5,1,1.9,,,,,,,,,,,
69,4,FI,11,auto,7,12,19,5,1.7,x,5.626,0,0.0139,6.749,40,5,0,0.3899,0.1107,0.0395
70,4,FI,42,auto,7,9,18,4,1.8,x,4.559,0,0.0102,4.508,12,4,1,0.2402,0.0445,0.0281
71,4,FI,7,auto,4,13,15,5,1.6,,3.19,1.515,0.007,3.706,20,5,0,0.2689,0.0729,0.0221
72,4,US,14,int,8.5,11,13,6,1.9,,2.724,1.764,0.0059,2.771,7,4,1,0.1636,0.0869,0.0202
73,4,US,14,auto,9,9,10,5,1.9,,1.787,1.787,0.0038,1.941,7,5,0,0.088,0.0409,0.007
74,4,FI,11,int,3.5,10,20,6,2,,5.136,5.136,0.0122,6.175,11,5,0,0.371,0.1595,0.0474
75,4,FI,42,int,8.5,14,21,5,1.9,,4.046,4.046,0.012,4.832,7,5,0,0.2399,0.0775,0.0472
76,4,FI,27,int,7,11,20,5,1.7,,7.648,6.654,0.0217,8.505,20,5,0,0.5204,0.3002,0.0773
77,4,US,4,auto,7,10,14,5,1.9,x,4.695,0,0.007,4.38,6,5,0,0.2041,0.112,0.018
78,4,US,9,auto,8.5,10,14,5,1.8,,3.292,3.292,0.0057,3.307,4,4,0,0.1298,0.065,0.0124
79,4,US,9,int,8.5,10,16,7,1.6,,4.342,4.284,0.0086,4.584,5,5,0,0.3339,0.1381,0.0349
80,4,FI,32,auto,9,9,14,5,1.8,,5.493,3.659,0.0106,5.376,13,5,0,0.3311,0.1242,0.0571
81,5,US,9,int,6,9,13,7,1.8,,5.225,1.029,0.0102,5.689,12,5,0,0.2665,0.12,0.0242
82,5,FI,42,auto,7,12,18,5,1.9,,4.849,4.701,0.0114,5.844,12,5,0,0.33,0.101,0.028
83,5,US,8,auto,8,9,10,5,1.8,,2.296,2.296,0.0024,1.592,12,5,0,0.0793,0.065,0.0122
84,5,FI,7,int,7,14,22,6,1.9,,7.644,2.81,0.0144,8.713,30,5,0,0.4543,0.1176,0.0468
85,5,US,5,auto,7.5,8,11,5,1.7,,2.893,2.272,0.0053,2.745,4,4,0,0.136,0.0866,0.0108
86,5,FI,7,auto,6.5,8,12,5,1.7,x,2.619,0,0.0054,2.67,13,4,1,0.159,0.0728,0.0347
87,5,US,5,int,4.5,8,13,7,1.8,,5.244,4.147,0.0152,7.101,14,5,0,0.4658,0.4047,0.0618
88,5,FI,32,int,6.5,14,22,6,1.6,,6.092,0.874,0.0067,3.828,27,5,0,0.4551,0.109,0.068
89,5,US,4,auto,6.5,7,14,6,1.7,,5.372,5.241,0.0112,5.781,12,5,0,0.2863,0.1143,0.0425
90,5,US,8,int,8,10,9,8,1.9,,3.021,3.021,0.0061,2.998,17,5,0,0.1709,0.3421,0.0312
91,5,FI,27,auto,5.5,7,10,5,1.5,x,2.28,0,0.0046,2.225,11,4,1,0.0837,0.0408,0.016
92,5,US,14,int,5.5,11,19,5,1.9,x,4.054,0,0.0102,4.497,20,3,2,0.2918,0.1385,0.0236
93,5,FI,32,auto,8,15,22,5,1.8,,3.891,3.891,0.0084,4.466,21,4,1,0.1929,0.0493,0.038
94,5,FI,42,int,11.5,17,33,5,1.8,,9.564,3.797,0.0198,9.21,60,4,1,0.7965,0.2239,0.0836
95,5,FI,11,auto,8,10,12,5,1.8,x,2.369,0,0.004,1.827,13,5,0,0.1712,0.0929,0.0259
96,5,US,9,auto,7,8,9,6,1.9,,3.021,2.4,0.0038,2.864,13,2,3,0.1046,0.0374,0.0128
97,5,US,4,int,7,10,20,7,1.8,,6.832,6.832,0.0143,6.888,12,5,0,0.4937,0.2579,0.047
98,5,US,14,auto,4.5,7,6,3,1.8,,1.988,1.39,0.004,1.92,3,3,0,0.0323,0.0173,0.001
99,5,FI,27,int,7.5,13,32,5,1.6,,6.572,5.618,0.0137,7.678,31,5,0,0.5174,0.107,0.0534
100,5,FI,11,int,5,10,23,5,1.7,,5.65,5.65,0.0137,6.142,10,5,0,0.3659,0.1817,0.034
101,6,FI,11,int,8,12,22,5,1.8,,6.638,1.342,0.019,5.53,10,5,0,0.4001,0.2259,0.0177
102,6,US,8,auto,9,9,9,5,1.7,x,2.252,0,0.0047,2.349,12,5,0,0.0718,0.0657,0.0141
103,6,US,14,auto,7,7,7,4,1.8,,2.566,0.336,0.0021,1.27,5,5,0,0.517,0.0133,0.0077
104,6,FI,7,int,6,11,17,6,1.7,,6.923,6.575,0.0117,,22,5,0,0.3377,0.1359,0.0914
105,6,US,5,auto,9,10,12,5,2,,2.395,2.395,0.0053,,6,5,0,0.1369,0.0572,0.0114
106,6,US,5,int,6.5,10,17,8,1.8,,4.738,4.738,0.0085,,18,5,0,0.4686,0.3565,0.0559
107,6,FI,7,auto,9,15,21,5,1.9,,3.061,1.19,0.0066,,5,5,0,0.221,0.074,0.0347
108,6,FI,32,int,8,12,22,6,1.8,,8.816,4.913,0.0132,,50,5,0,0.6161,0.1919,0.0717
109,6,US,9,int,7,9,17,6,1.8,,6.046,6.046,0.012,,9,5,0,0.3423,0.1077,0.0487
110,6,US,9,auto,8,8,8,6,1.7,,3.481,3.481,0.0064,,7,5,0,0.1248,0.0583,0.0193
111,6,FI,42,int,9,13,21,7,1.8,x,6.321,0,0.0115,,23,5,0,0.5245,0.1822,0.0613
112,6,US,14,int,7,10,17,6,1.8,,8.138,3.894,0.0158,,12,4,1,0.3742,0.2943,0.0342
113,6,FI,27,auto,6,10,16,5,1.9,,6.006,4.638,0.01,,30,5,0,0.2357,0.0525,0.0408
114,6,FI,11,auto,7.5,11,14,5,1.6,,5.435,1.465,0.0109,,15,5,0,0.1776,0.043,0.0125
115,6,US,4,auto,6,6,11,5,1.7,x,2.101,0,0.0036,,3,3,0,0.0673,0.0295,0.0111
116,6,US,4,int,6,7,15,7,1.7,,4.116,3.808,0.0106,,7,5,0,0.2929,0.2114,0.025
117,6,US,8,int,8,11,16,9,1.8,,7.263,4.803,0.0168,,8,5,0,0.604,0.4649,0.0728
118,6,FI,42,auto,9,13,16,4,1.8,x,4.239,0,0.0072,,10,5,0,0.1842,0.0838,0.0145
119,6,FI,32,auto,4,11,15,4,1.7,,4.364,4.28,0.0118,,22,5,0,0.2362,0.0575,0.0324
120,6,FI,27,int,9,13,18,4,1.7,,5.851,3.213,0.0185,,11,5,0,0.3876,0.1808,0.0403
121,7,FI,7,auto,8,12,18,5,1.6,,4.743,2.915,0.0088,,7,5,0,0.2291,0.0535,0.0174
122,7,FI,7,int,7,11,21,5,1.7,,6.847,4.965,0.0153,6.858,20,5,0,0.3585,0.1539,0.0508
123,7,US,8,auto,9,9,10,6,1.8,,3.457,3.457,0.0033,1.823,5,5,0,0.1274,0.0746,0.012
124,7,FI,11,auto,3.5,9,16,5,1.8,,5.596,5.262,0.0094,4.959,7,5,0,0.2272,0.0977,0.0295
125,7,US,9,auto,4.5,6,,,1.6,,,,,,,,,,,
126,7,FI,27,auto,6,12,15,8,1.9,x,2.089,0,0.0042,1.841,3,3,0,0.0714,0.0285,0.0033
127,7,FI,11,int,8,14,25,6,1.9,,7.084,3.181,0.0131,7.335,17,5,0,0.6159,0.1156,0.0748
128,7,FI,42,auto,9,11,16,5,2,,3.789,2.682,0.009,4.325,10,5,0,0.1817,0.0707,0.0194
129,7,FI,27,int,5.5,12,24,5,1.9,x,8.071,0,0.0192,9.975,22,5,0,0.602,0.1943,0.0776
130,7,US,5,auto,10,8,9,4,1.9,,2.19,2.19,0.0028,1.512,1,1,0,0.0652,0.0447,0.0085
131,7,US,14,auto,9,11,11,4,1.9,,1.912,1.912,0.0024,0.742,2,2,0,0.0596,0.0731,0.0036
132,7,FI,42,int,7,11,20,5,1.8,,5.237,,0.0097,4.892,6,5,0,0.3409,0.1222,0.0419
133,7,US,4,int,2,5,13,6,1.7,,4.301,,0.0052,3.761,1,1,0,0.1368,0.0672,0.0051
134,7,FI,32,int,9,13,23,6,1.9,,8.131,3.737,0.0194,9.875,12,5,0,0.4781,0.1274,0.0592
135,7,US,9,int,8,8,14,7,1.8,,3.834,3.834,0.0081,4.401,2,2,0,0.2461,0.1779,0.0247
136,7,FI,32,auto,6,11,14,4,2,x,3.39,0,0.0078,3.103,2,1,1,0.1396,0.0724,0.0145
137,7,US,8,int,10,11,18,8,1.8,,8.059,7.136,0.0185,10.644,7,5,0,0.5652,0.3268,0.0898
138,7,US,5,int,5,8,14,7,1.8,,4.264,4.264,0.0074,4.111,3,3,0,0.3109,0.2528,0.0543
139,7,US,4,auto,6.5,8,10,5,1.8,,2.95,2.95,0.005,3.06,3,2,1,0.1119,0.0567,0.0118
140,7,US,14,int,6.5,8,12,6,1.8,,2.457,1.775,0.0053,2.282,0,,,0.1003,0.0782,0
141,8,FI,27,auto,10,15,14,5,1.7,,3.95,2.311,0.0072,3.554,8,5,0,0.1579,0.0417,0.0173
142,8,FI,11,int,4.5,11,19,5,1.8,,6.515,2.2,0.0137,5.951,20,5,0,0.4349,0.1963,0.0366
143,8,FI,7,auto,7.5,12,18,5,1.7,,4.902,2.775,0.0108,4.957,25,5,0,0.2802,0.0934,0.033
144,8,US,14,int,7,9,16,6,1.9,x,4.614,0,0.009,4.675,20,5,0,0.2796,0.1374,0.0244
145,8,FI,42,int,8,16,23,5,1.8,,6.534,1.746,0.0125,6.357,7,5,0,0.3352,0.1509,0.0302
146,8,US,8,int,9,10,15,7,1.8,,5.503,5.503,0.0178,7.886,27,5,0,0.5181,0.3943,0.0695
147,8,US,4,auto,8,9,12,2,1.6,,2.672,2.672,0.0047,3.251,6,4,1,0.0732,0.0367,0.0084
148,8,FI,32,auto,6,12,19,5,1.5,,8.347,2.067,0.0144,7.685,18,5,0,0.3788,0.0963,0.0423
149,8,FI,27,int,6,13,28,5,1.8,,9.389,4.036,0.0201,10.064,7,5,0,0.5275,0.169,0.0717
150,8,US,9,int,8,10,17,7,1.7,,5.812,5.812,0.0106,5.31,11,5,0,0.2996,0.1832,0.0226
151,8,US,8,auto,6,9,9,3,1.7,x,3.243,0,0.0035,1.47,0,,,0.0446,0.0763,0
152,8,US,4,int,7,11,25,7,1.7,,7.245,5.08,0.0129,7.554,5,5,0,0.5234,0.1662,0.0424
153,8,FI,42,auto,9,11,14,4,1.8,,3.861,3.861,0.0077,3.961,9,4,1,0.1904,0.0626,0.0146
154,8,US,9,auto,6,10,11,9,2,,2.294,2.294,0.0023,2.035,2,2,0,0.0886,0.0152,0.0031
155,8,US,5,int,9.5,6,,,1.7,,,,,,,,,,,
156,8,FI,32,int,6,13,21,5,1.8,,4.269,4.269,0.0096,4.131,12,5,0,0.3546,0.1715,0.0343
157,8,US,5,auto,7,9,12,5,1.7,,1.79,1.79,0.0036,1.579,6,4,1,0.1081,0.0828,0.0125
158,8,FI,11,auto,7,9,14,5,1.7,,5.215,2.81,0.0112,5.53,8,5,0,0.2265,0.0586,0.0258
159,8,FI,7,int,8,16,26,5,1.8,,5.998,5.665,0.0132,6.408,45,5,0,0.4074,0.1337,0.0518
160,8,US,14,auto,7,10,8,5,1.8,,2.269,2.269,0.0051,2.473,9,4,1,0.0918,0.0507,0.012
161,9,US,8,auto,5.5,6,6,4,1.9,x,1.896,0,0.0046,1.707,2,2,0,0.0682,0.0758,0.0137
162,9,FI,27,int,9.5,11,17,5,1.9,x,5.72,0,0.0152,5.171,22,5,0,0.4119,0.1963,0.0709
163,9,FI,32,auto,2.5,10,15,4,1.6,,4.984,1.841,0.0129,5.55,6,1,4,0.1453,0.0461,0.0228
164,9,FI,42,int,8,10,19,5,1.7,,4.229,3.594,0.0117,4.371,20,5,0,0.3502,0.1679,0.0575
165,9,US,4,int,7.5,6,8,5,1.9,,2.604,2.604,0.0053,2.264,7,5,0,0.1378,0.1322,0.0079
166,9,FI,32,int,5.5,7,14,5,1.8,x,3.618,0,0.0092,3.465,12,5,0,0.338,0.1593,0.0427
167,9,US,14,int,6,9,15,6,1.6,,6.734,3.71,0.0147,6.342,10,5,0,0.4251,0.1772,0.0459
168,9,FI,11,auto,10,12,13,5,1.7,,2.878,0.861,0.0114,4.886,7,5,0,0.2339,0.0912,0.0285
169,9,FI,7,auto,8,12,13,2,1.9,x,1.995,0,0.0039,2.284,7,5,0,0.1178,0.049,0.0072
170,9,US,14,auto,8,8,6,3,1.7,,1.722,1.722,0.0045,2.059,2,2,0,0.0851,0.0401,0.008
171,9,US,9,int,7.5,6,11,7,1.8,,4.404,4.04,0.0129,4.909,4,5,0,0.3398,0.2252,0.018
172,9,US,5,auto,9.5,7,8,7,1.6,,2.516,2.516,0.0045,2.614,10,3,2,0.1599,0.1067,0.0212
173,9,FI,11,int,9,14,22,5,1.8,,4.034,4.034,0.0131,4.556,14,5,0,0.4202,0.2457,0.0465
174,9,FI,7,int,8,10,17,6,1.7,,6.445,0.669,0.0174,5.916,100,5,0,0.6591,0.2022,0.0962
175,9,US,9,auto,8,7,7,5,1.9,x,2.18,0,0.0029,1.213,5,5,0,0.0806,0.0629,0.012
176,9,US,8,int,8,7,9,6,1.8,x,4.179,0,0.0126,5.065,4,4,0,0.2706,0.3047,0.0377
177,9,US,4,auto,9,9,8,4,1.9,x,1.466,0,0.0016,0.654,0,,,0.0513,0.0156,0
178,9,US,5,int,5,8,10,6,1.9,,3.792,2.063,0.0083,3.301,10,4,1,0.23,0.2919,0.0366
179,9,FI,27,auto,9,9,9,5,1.6,,1.833,1.804,0.0061,2.622,6,4,1,0.1361,0.0597,0.0331
180,9,FI,42,auto,8.5,10,11,4,1.9,x,2.906,0,0.0073,2.755,7,4,0,0.1532,0.0767,0.0254
181,10,US,4,int,9,9,14,6,1.9,,4.974,4.974,0.0107,4.563,4,5,0,0.3415,0.326,0.0109
182,10,FI,27,auto,8,9,15,5,1.9,x,4.414,0,0.0125,4.927,17,5,0,0.4085,0.1341,0.062
183,10,FI,11,int,5.5,7,13,4,1.7,,2.701,2.51,0.0169,7.227,9,4,1,0.1721,0.0828,0.0152
184,10,FI,32,int,8.5,11,21,5,1.9,,5.849,5.628,0.0133,6.221,18,5,0,0.5312,0.2024,0.0726
185,10,FI,27,int,2.5,4,14,4,1.9,,4.837,4.837,0.0124,6.246,4,4,0,0.1902,0.0627,0.0231
186,10,US,14,int,6.5,6,12,7,1.8,,3.297,1.184,0.0092,3.542,10,5,0,0.3442,0.2205,0.0212
187,10,FI,7,auto,9,11,14,5,1.7,x,3.673,0,0.0093,4.402,8,5,0,0.2933,0.0863,0.0475
188,10,US,5,auto,6.5,6,5,4,1.8,,1.874,1.874,0.004,1.578,6,4,1,0.0795,0.0815,0.0127
189,10,FI,42,int,9.5,14,25,5,1.8,,7.926,2.928,0.0205,7.538,20,5,0,0.7633,0.2808,0.0814
190,10,US,8,auto,8.5,7,9,7,1.7,,2.945,2.945,0.0058,2.907,6,5,0,0.2255,0.1832,0.033
191,10,US,5,int,8.5,9,12,7,1.8,,2.74,2.74,0.007,2.776,6,5,0,0.4466,0.3819,0.0476
192,10,US,4,auto,6,8,9,5,1.7,,2.558,2.558,0.0063,2.761,5,4,1,0.1821,0.0791,0.0107
193,10,FI,42,auto,9,10,16,5,1.8,,3.054,3.054,0.0086,3.108,3,3,0,0.3333,0.0789,0.0316
194,10,FI,32,auto,6,8,11,4,1.9,,2.644,2.644,0.0053,2.378,5,5,0,0.1307,0.0526,0.0163
195,10,FI,11,auto,6,7,10,4,1.7,,3.209,0.972,0.0084,3.688,4,3,1,0.1418,0.0691,0.0188
196,10,FI,7,int,11.5,13,22,5,1.8,,4.876,4.214,0.0145,4.602,28,5,0,0.4711,0.2965,0.0922
197,10,US,8,int,3.5,7,9,6,1.8,,3.523,3.523,0.0063,3.456,5,5,0,0.1427,0.0808,0.0152
198,10,US,14,auto,7.5,8,11,5,1.8,x,2.249,0,0.0052,2.42,3,2,1,0.1427,0.0459,0.0178
199,10,US,9,int,7.5,9,17,7,1.6,,4.778,4.778,0.0112,5.08,6,5,0,0.4785,0.2333,0.0258
200,10,US,9,auto,6.5,6,11,5,1.9,,4.225,4.225,0.0089,3.866,1,1,0,0.2045,0.1289,0.0125
201,11,FI,27,int,10,11,14,5,1.8,x,5.263,0,0.0141,4.864,17,5,0,0.4538,0.2675,0.0917
202,11,US,4,auto,5.5,6,8,3,1.7,,1.911,1.911,0.0083,3.073,1,1,0,0.1029,0.0404,0.0063
203,11,FI,32,auto,8,10,15,5,1.7,,3.774,3.364,0.01,3.642,20,5,0,0.3029,0.1147,0.038
204,11,FI,7,auto,9,10,11,4,2,,4.02,4.02,0.0129,5.052,13,5,0,0.323,0.1345,0.0667
205,11,US,8,int,9,8,17,5,1.7,,2.86,2.86,0.0079,2.987,5,5,0,0.1425,0.2069,0.0165
206,11,US,5,int,8.5,7,11,8,1.7,,5.576,5.576,0.0122,6.185,13,5,0,0.4399,0.4498,0.0661
207,11,FI,7,int,10,11,18,6,1.7,,5.395,3.119,0.0198,6.632,25,5,0,0.6513,0.2506,0.0767
208,11,US,9,int,6,7,11,6,1.9,,3.989,2.755,0.0075,4.192,7,5,0,0.2498,0.0965,0.0256
209,11,US,14,auto,5.5,6,11,6,1.8,,2.64,2.64,0.0051,2.607,3,3,0,0.163,0.0586,0.0109
210,11,FI,27,auto,11,13,13,4,1.8,x,2.813,0,0.0037,2.572,9,4,1,0.2223,0.1196,0.0345
211,11,US,9,auto,6,6,7,3,2,,1.989,1.949,0.01,5.03,1,1,0,0.0151,0.0282,0.0012
212,11,US,4,int,9,10,18,7,1.8,,6.978,3.812,0.0193,7.3,25,3,2,0.7967,0.4882,0.0704
213,11,FI,11,int,9,13,24,5,1.8,,7.929,5.159,0.0228,9.311,14,5,0,0.7874,0.2589,0.0979
214,11,FI,11,auto,8,9,13,5,2,,3.163,3.163,0.0076,3.151,4,4,0,0.2581,0.0977,0.023
215,11,FI,32,int,8,10,13,5,1.7,,4.39,4.39,0.0113,4.379,10,5,0,0.3305,0.1449,0.0279
216,11,FI,42,auto,9.5,9,14,4,1.7,x,3.348,0,0.0089,3.998,3,3,0,0.1801,0.0808,0.0356
217,11,US,14,int,8,9,14,6,1.6,,4.436,3.345,0.0125,4.681,10,5,0,0.4256,0.3077,0.0471
218,11,US,8,auto,9,7,3,8,1.8,,1.541,1.541,,,0,,,0.0838,0.0626,0
219,11,US,5,auto,6,6,8,6,1.9,,1.681,1.681,0.0037,2.089,2,1,1,0.1113,0.0568,0.0078
220,11,FI,42,int,9.5,11,19,5,1.9,x,5.348,0,0.0179,5.638,17,5,0,0.5753,0.3177,0.0802
221,12,US,5,auto,10,9,9,4,1.7,,1.49,1.453,0.0035,1.48,3,3,0,0.1264,0.0661,0.0117
222,12,US,4,auto,7,10,12,5,1.8,,3.452,3.422,0.0064,3.046,1,1,0,0.2254,0.0769,0.0238
223,12,FI,42,auto,6,7,11,4,1.7,x,2.916,0,0.0058,2.409,10,5,0,0.1593,0.0686,0.029
224,12,US,4,int,7,8,16,6,1.8,,5.219,2.428,0.0165,6.224,24,5,0,0.4821,0.389,0.0572
225,12,FI,27,int,7.5,10,18,5,1.6,,4.66,4.285,0.0142,4.558,50,5,0,0.423,0.2869,0.068
226,12,FI,32,int,6.5,8,15,5,1.9,x,4.32,0,0.0133,4.895,35,5,0,0.3891,0.1563,0.0528
227,12,US,9,int,7,7,13,7,1.7,,4.568,4.524,0.011,4.777,18,5,0,0.3574,0.346,0.0429
228,12,FI,42,int,8.5,14,19,7,1.6,x,4.071,0,0.0123,4.835,35,5,0,0.7461,0.3736,0.0874
229,12,US,8,auto,7,9,8,3,1.7,,2.955,2.776,0.0057,2.675,6,4,1,0.1207,0.0597,0.0135
230,12,FI,11,auto,9.5,13,16,5,1.8,,4.07,3.92,0.0104,3.815,21,5,0,0.3157,0.193,0.0399
231,12,FI,11,int,8.5,10,17,6,1.7,x,4.37,0,0.0125,4.554,9,5,0,0.3694,0.1687,0.0302
232,12,US,5,int,9,9,11,8,1.7,x,4.542,0,0.0108,4.373,8,5,0,0.5126,0.4639,0.0748
233,12,FI,32,auto,6.5,9,12,4,1.8,,3.123,1.119,0.0064,2.896,17,5,0,0.2013,0.0567,0.0428
234,12,FI,7,int,9,10,17,6,1.8,x,4.727,0,0.0148,5.823,33,5,0,0.5371,0.216,0.0766
235,12,FI,7,auto,8,8,12,5,1.8,,4.084,1.718,0.0087,3.71,25,5,0,0.2581,0.1417,0.0508
236,12,US,14,int,7,10,15,6,1.8,x,4.304,0,0.0107,4.3,15,5,0,0.3202,0.2519,0.018
237,12,US,9,auto,6.5,7,5,3,1.8,,1.618,1.618,0.0008,0.514,0,,,0.0674,0.0545,0
238,12,US,14,auto,8.5,8,2,1,1.7,x,1.139,0,0.0006,0.434,0,,,0.0293,0.0134,0
239,12,US,8,int,7.5,9,16,9,1.9,,5.646,5.464,0.0112,6.365,50,5,0,0.7359,0.3079,0.1339
240,12,FI,27,auto,8.5,10,16,6,1.9,,3.994,3.994,0.013,4.471,15,5,0,0.4683,0.3125,0.0604
241,13,US,14,int,7,8,14,6,1.8,,4.283,3.931,0.0091,3.69,22,5,0,0.3018,0.1631,0.0271
242,13,FI,11,int,12,12,22,6,1.8,,6.259,1.132,0.0269,7.645,28,4,1,1.0758,0.5224,0.1296
243,13,FI,7,int,10,13,18,5,1.9,,5.721,5.622,0.0174,6.501,30,5,0,0.5653,0.2292,0.0687
244,13,US,8,auto,9,8,13,7,1.8,,5.06,5.06,0.0104,5.569,27,5,0,0.3707,0.2191,0.046
245,13,US,5,int,9.5,8,10,4,1.7,x,2.395,0,0.006,1.635,0,,,0.1375,0.1477,0
246,13,US,14,auto,9,10,10,4,1.8,,2.648,2.648,0.0044,2.374,4,4,0,0.1571,0.0719,0.019
247,13,US,9,int,7.5,9,15,12,1.8,,5.209,4.668,0.0115,4.476,20,5,0,0.6319,0.3759,0.0509
248,13,US,9,auto,4,9,11,6,1.8,,2.664,2.664,0.0043,2.51,4,4,0,0.1306,0.062,0.0167
249,13,FI,32,auto,10.5,13,16,5,1.8,,4.854,2.398,0.0168,5.952,7,5,0,0.4344,0.1133,0.0517
250,13,US,8,int,10.5,12,17,7,1.5,,4.187,2.415,0.0099,3.736,11,5,0,0.4475,0.4791,0.0546
251,13,FI,27,int,7,11,18,5,1.7,,6.165,5.044,0.0171,6.753,22,5,0,0.574,0.2952,0.0913
252,13,FI,42,auto,10,11,15,4,1.7,,2.927,2.372,0.0045,2.834,4,4,0,0.1532,0.051,0.0093
253,13,FI,27,auto,8,11,17,3,1.8,,5.16,4.443,0.0117,5.272,17,5,0,0.3434,0.0755,0.0535
254,13,FI,11,auto,6.5,8,10,5,1.9,,4.195,4.195,0.0119,5.823,17,5,0,0.3948,0.1206,0.0562
255,13,FI,42,int,9.5,12,22,5,1.9,x,8.664,0,0.0264,7.707,30,5,0,0.6924,0.3489,0.1043
256,13,FI,32,int,9.5,14,24,6,1.5,,6.211,2.7,0.0161,5.634,15,5,0,0.8288,0.3329,0.1053
257,13,US,4,int,8,12,23,7,1.8,,7.128,7.128,0.0133,6.434,17,5,0,1.1462,0.3492,0.1104
258,13,US,5,auto,9.5,11,11,6,1.8,,2.833,2.833,0.006,3.776,7,5,0,0.2953,0.1142,0.0399
259,13,US,4,auto,8,8,12,4,1.7,,3.105,3.105,0.0052,3.418,3,3,0,0.1333,0.06,0.0044
260,13,FI,7,auto,7.5,9,11,5,1.9,,3.966,3.241,0.0099,4.303,20,5,0,0.245,0.1026,0.0192
261,14,FI,42,auto,7.5,9,13,4,1.7,,3.18,3.18,0.0075,3.844,8,5,0,0.1789,0.0796,0.0192
262,14,US,5,auto,7.5,7,15,1,1.9,,1.248,1.248,0.0005,0.493,4,4,0,0.0352,0.0443,0.002
263,14,FI,11,auto,8,10,17,5,1.9,,4.27,0.618,0.0136,6.641,9,5,0,0.4099,0.0928,0.0433
264,14,FI,32,int,10,16,27,6,1.8,,7.702,2.327,0.0236,10.108,30,5,0,1.2487,0.3276,0.1807
265,14,FI,27,auto,9.5,9,13,5,1.8,,3.348,3.348,0.0072,3.807,5,5,0,0.195,0.0598,0.0242
266,14,FI,32,auto,11.5,12,12,5,1.9,,3.589,3.549,0.008,3.733,6,5,0,0.2339,0.0962,0.0347
267,14,FI,7,auto,7,12,21,4,1.7,,7.048,4.618,0.0221,10.108,7,5,0,0.3064,0.0915,0.0245
268,14,US,4,auto,9,9,11,3,1.8,,3.013,3.013,0.0054,3.59,5,5,0,0.1695,0.0503,0.0112
269,14,US,14,int,8,8,17,7,1.8,,6.445,2.084,0.0183,7.986,50,5,0,0.5754,0.305,0.0533
270,14,US,8,auto,7,6,10,5,1.9,x,4.002,0,0.0085,4.706,13,5,0,0.2691,0.1867,0.0411
271,14,US,14,auto,7.5,7,8,5,1.8,,1.778,1.778,0.0038,1.922,5,5,0,0.0929,0.026,0.0087
272,14,US,9,auto,10,10,6,2,1.7,,1.11,1.098,0.0006,0.643,0,,,0.035,0.0152,0
273,14,FI,42,int,9.5,16,33,6,1.7,,8.639,1.175,0.0267,9.789,45,5,0,0.9395,0.2874,0.0758
274,14,US,4,int,8.5,13,23,6,1.7,,4.758,4.758,0.0097,4.245,8,5,0,0.803,0.3108,0.0506
275,14,US,5,int,7,10,12,7,1.7,,3.981,3.433,0.0114,4.927,3,3,0,0.4185,0.519,0.0588
276,14,FI,7,int,9,11,22,6,1.7,,5.309,0.313,0.0177,5.601,23,5,0,0.6186,0.2659,0.0852
277,14,FI,27,int,8,11,27,5,1.9,x,10.205,0,0.0294,11.398,40,5,0,1.0822,0.393,0.1216
278,14,US,9,int,5,8,12,7,1.8,,5.5,5.5,0.0137,8.181,2,2,0,0.3724,0.2192,0.071
279,14,FI,11,int,10,14,25,6,1.9,,9.199,1.254,0.0315,9.473,36,5,0,1.0604,0.5199,0.1604
280,14,US,8,int,7,8,12,7,1.8,,4.443,4.308,0.014,5.529,11,4,1,0.3525,0.6696,0.0644
281,15,US,5,int,9,8,11,5,1.8,,4.253,4.253,0.0085,4.196,14,5,0,0.2559,0.3556,0.0564
282,15,FI,7,auto,7.5,14,26,5,1.8,,7.002,4.104,0.0145,6.179,22,5,0,0.7101,0.1639,0.0597
283,15,US,14,auto,6.5,9,8,3,1.7,x,1.069,0,0.002,0.924,3,2,1,0.0447,0.0162,0.0063
284,15,US,8,auto,7,8,15,7,1.9,,5.666,5.666,0.0117,7.105,10,4,1,0.3679,0.175,0.0501
285,15,US,9,auto,7,8,16,6,1.9,,7.576,6.965,0.0184,9.44,7,3,2,0.3819,0.193,0.0446
286,15,FI,27,auto,8,9,16,5,1.8,,4.521,1.817,0.0118,5.499,10,5,0,0.2919,0.084,0.0443
287,15,US,14,int,8,10,20,7,1.8,x,7.153,0,0.0193,7.972,15,5,0,0.7535,0.291,0.0823
288,15,FI,27,int,9,13,27,6,1.9,,8.608,1.327,0.0321,11.753,32,5,0,1.0761,0.3542,0.1041
289,15,FI,42,int,11,15,34,6,1.8,,7.91,6.208,0.0252,9.388,14,5,0,1.3574,0.4459,0.1643
290,15,US,8,int,7,10,19,9,1.8,x,5.688,0,0.0149,7.564,28,5,0,0.8204,0.4215,0.1202
291,15,FI,11,int,6.5,10,17,5,1.7,x,6.445,0,0.0203,7.205,15,5,0,0.5664,0.2054,0.0733
292,15,FI,32,int,10,12,23,6,1.8,,9.374,1.833,0.0196,8.388,35,5,0,0.7608,0.4423,0.0962
293,15,US,4,int,8.5,13,26,6,1.8,,6.361,6.361,0.0235,9.118,13,5,0,0.9203,0.486,0.0479
294,15,US,4,auto,8,9,11,3,1.7,,2.97,2.842,0.0034,1.37,3,3,0,0.099,0.0303,0.0102
295,15,FI,42,auto,8,11,21,5,1.8,,3.282,1.744,0.0075,3.094,10,5,0,0.3005,0.0682,0.0494
296,15,FI,32,auto,6,7,11,4,1.9,,2.29,1.313,0.0055,2.808,3,3,0,0.1162,0.03,0.0147
297,15,US,5,auto,10.5,10,13,7,1.7,,3.785,3.785,0.0092,4.666,12,5,0,0.3646,0.1854,0.0373
298,15,FI,7,int,10.5,15,19,4,1.7,,4.775,0.257,0.0137,5.439,15,5,0,0.4637,0.2279,0.0802
299,15,US,9,int,8,9,16,9,1.7,,5.315,4.669,0.0153,6.11,14,5,0,0.7466,0.4068,0.0742
300,15,FI,11,auto,7,8,15,4,1.9,,2.46,2.447,0.0076,2.667,10,5,0,0.1548,0.0852,0.0187